Folio,Serie,Sucursal
TRA-1106317,8952140061997386625F,Escobedo
TRA-1106317,8952140061997386633F,Escobedo
TRA-1106317,8952140061997386377F,Escobedo
TRA-1106317,8952140061997386328F,Escobedo
TRA-1106317,8952140061997385726F,Escobedo
TRA-1106317,8952140061997386054F,Escobedo
TRA-1106317,8952140061997385858F,Escobedo
TRA-1106317,8952140061997386526F,Escobedo
TRA-1106317,8952140061997386286F,Escobedo
TRA-1106317,8952140061997386419F,Escobedo
TRA-1106317,8952140061997386393F,Escobedo
TRA-1106317,8952140061997386658F,Escobedo
TRA-1106317,8952140061997386245F,Escobedo
TRA-1106317,8952140061997385718F,Escobedo
TRA-1106317,8952140061997385866F,Escobedo
TRA-1106317,8952140061997385874F,Escobedo
TRA-1106317,8952140061997385890F,Escobedo
TRA-1106317,8952140061997386443F,Escobedo
TRA-1106317,8952140061997386120F,Escobedo
TRA-1106317,8952140061997386203F,Escobedo
TRA-1106317,8952140061997386583F,Escobedo
TRA-1106317,8952140061997386344F,Escobedo
TRA-1106317,8952140061997386609F,Escobedo
TRA-1106317,8952140061997385916F,Escobedo
TRA-1106317,8952140061997385924F,Escobedo
TRA-1106317,8952140061997386146F,Escobedo
TRA-1106317,8952140061997386476F,Escobedo
TRA-1106317,8952140061997385908F,Escobedo
TRA-1106317,8952140061997385932F,Escobedo
TRA-1106317,8952140061997386484F,Escobedo
TRA-1106319,8952140061912591192F,Plaza Bella Pachuca
TRA-1106319,8952140061912590616F,Plaza Bella Pachuca
TRA-1106319,8952140061912591077F,Plaza Bella Pachuca
TRA-1106319,8952140061912590996F,Plaza Bella Pachuca
TRA-1106319,8952140061912591036F,Plaza Bella Pachuca
TRA-1106319,8952140061912591259F,Plaza Bella Pachuca
TRA-1106319,8952140061912591010F,Plaza Bella Pachuca
TRA-1106319,8952140061733292541F,Plaza Bella Pachuca
TRA-1106319,8952140061912590715F,Plaza Bella Pachuca
TRA-1106319,8952140061912591523F,Plaza Bella Pachuca
TRA-1106319,8952140061912591028F,Plaza Bella Pachuca
TRA-1106319,8952140061912590830F,Plaza Bella Pachuca
TRA-1106319,8952140061912590764F,Plaza Bella Pachuca
TRA-1106319,8952140061912590707F,Plaza Bella Pachuca
TRA-1106319,8952140061912590731F,Plaza Bella Pachuca
TRA-1106319,8952140061912591176F,Plaza Bella Pachuca
TRA-1106319,8952140061912591044F,Plaza Bella Pachuca
TRA-1106319,8952140061869465853F,Plaza Bella Pachuca
TRA-1106319,8952140061912590574F,Plaza Bella Pachuca
TRA-1106319,8952140061912593982F,Plaza Bella Pachuca
TRA-1106319,8952140061912590665F,Plaza Bella Pachuca
TRA-1106319,8952140061912591200F,Plaza Bella Pachuca
TRA-1106319,8952140061912591457F,Plaza Bella Pachuca
TRA-1106319,8952140061912591515F,Plaza Bella Pachuca
TRA-1106319,8952140061912590855F,Plaza Bella Pachuca
TRA-1106319,8952140061912590681F,Plaza Bella Pachuca
TRA-1106319,8952140061912590632F,Plaza Bella Pachuca
TRA-1106319,8952140061869466612F,Plaza Bella Pachuca
TRA-1106319,8952140061912590673F,Plaza Bella Pachuca
TRA-1106319,8952140061912591499F,Plaza Bella Pachuca
TRA-1106320,8952140061997386716F,La Fama
TRA-1106320,8952140061997386724F,La Fama
TRA-1106320,8952140061997386732F,La Fama
TRA-1106320,8952140061997386740F,La Fama
TRA-1106320,8952140061997386757F,La Fama
TRA-1106320,8952140061997386765F,La Fama
TRA-1106320,8952140061997386807F,La Fama
TRA-1106320,8952140061997386773F,La Fama
TRA-1106320,8952140061997386815F,La Fama
TRA-1106320,8952140061997386799F,La Fama
TRA-1106320,8952140061997386823F,La Fama
TRA-1106320,8952140061997386849F,La Fama
TRA-1106320,8952140061997386781F,La Fama
TRA-1106320,8952140061997386831F,La Fama
TRA-1106320,8952140061997386674F,La Fama
TRA-1106320,8952140061997387151F,La Fama
TRA-1106320,8952140061997387144F,La Fama
TRA-1106320,8952140061997387136F,La Fama
TRA-1106320,8952140061997387128F,La Fama
TRA-1106320,8952140061997387110F,La Fama
TRA-1106321,8952140061997386047F,San Nicolas
TRA-1106321,8952140061912671820F,San Nicolas
TRA-1106321,8952140061997386179F,San Nicolas
TRA-1106321,8952140061997386187F,San Nicolas
TRA-1106321,8952140061997386195F,San Nicolas
TRA-1106321,8952140061997386310F,San Nicolas
TRA-1106321,8952140061997386575F,San Nicolas
TRA-1106321,8952140061997359093F,San Nicolas
TRA-1106321,8952140061997385791F,San Nicolas
TRA-1106321,8952140061997358822F,San Nicolas
TRA-1106321,8952140061997386138F,San Nicolas
TRA-1106321,8952140061997359127F,San Nicolas
TRA-1106321,8952140061997359044F,San Nicolas
TRA-1106321,8952140061997385775F,San Nicolas
TRA-1106321,8952140061997385783F,San Nicolas
TRA-1106321,8952140061997385809F,San Nicolas
TRA-1106321,8952140061777722551F,San Nicolas
TRA-1106321,8952140061997385692F,San Nicolas
TRA-1106321,8952140061997385759F,San Nicolas
TRA-1106321,8952140061997386351F,San Nicolas
TRA-1106321,8952140061997386492F,San Nicolas
TRA-1106321,8952140061997386559F,San Nicolas
TRA-1106321,8952140061997386252F,San Nicolas
TRA-1106321,8952140061997385825F,San Nicolas
TRA-1106321,8952140061997386294F,San Nicolas
TRA-1106321,8952140061997385734F,San Nicolas
TRA-1106321,8952140061997386302F,San Nicolas
TRA-1106321,8952140061997385742F,San Nicolas
TRA-1106321,8952140061997386500F,San Nicolas
TRA-1106321,8952140061997386518F,San Nicolas
TRA-1106194,8952140062019613582F,Parque Lindavista
TRA-1106194,8952140062019613574F,Parque Lindavista
TRA-1106194,8952140062019613566F,Parque Lindavista
TRA-1106194,8952140062019613558F,Parque Lindavista
TRA-1106194,8952140062019613541F,Parque Lindavista
TRA-1106194,8952140062019613533F,Parque Lindavista
TRA-1106194,8952140062019613525F,Parque Lindavista
TRA-1106194,8952140062019613517F,Parque Lindavista
TRA-1106194,8952140062019613608F,Parque Lindavista
TRA-1106194,8952140062019613509F,Parque Lindavista
TRA-1106194,8952140062019613590F,Parque Lindavista
TRA-1106194,8952140062019613483F,Parque Lindavista
TRA-1106194,8952140062019613491F,Parque Lindavista
TRA-1106194,8952140062019613467F,Parque Lindavista
TRA-1106194,8952140062019613475F,Parque Lindavista
TRA-1106194,8952140062019613459F,Parque Lindavista
TRA-1106194,8952140062019613442F,Parque Lindavista
TRA-1106194,8952140062019613434F,Parque Lindavista
TRA-1106194,8952140062019613426F,Parque Lindavista
TRA-1106194,8952140062019613418F,Parque Lindavista
TRA-1106195,8952140062019613848F,Polanco
TRA-1106195,8952140062019613830F,Polanco
TRA-1106195,8952140062019613822F,Polanco
TRA-1106195,8952140062019613780F,Polanco
TRA-1106195,8952140062019613814F,Polanco
TRA-1106195,8952140062019613806F,Polanco
TRA-1106195,8952140062019613756F,Polanco
TRA-1106195,8952140062019613749F,Polanco
TRA-1106195,8952140062019613731F,Polanco
TRA-1106195,8952140062019613723F,Polanco
TRA-1106195,8952140062019613798F,Polanco
TRA-1106195,8952140062019613772F,Polanco
TRA-1106195,8952140062019613764F,Polanco
TRA-1106195,8952140062019614135F,Polanco
TRA-1106195,8952140062019614119F,Polanco
TRA-1106195,8952140062019614101F,Polanco
TRA-1106195,8952140062019613715F,Polanco
TRA-1106195,8952140062019613707F,Polanco
TRA-1106195,8952140062019613699F,Polanco
TRA-1106195,8952140062019613681F,Polanco
TRA-1106315,8952140062019613673F,Satelite
TRA-1106315,8952140062019613665F,Satelite
TRA-1106315,8952140062019613657F,Satelite
TRA-1106315,8952140062019613640F,Satelite
TRA-1106315,8952140062019613632F,Satelite
TRA-1106315,8952140062019613624F,Satelite
TRA-1106315,8952140062019614234F,Satelite
TRA-1106315,8952140062019614242F,Satelite
TRA-1106315,8952140062019614226F,Satelite
TRA-1106315,8952140062019614218F,Satelite
TRA-1106315,8952140062019614200F,Satelite
TRA-1106315,8952140062019614192F,Satelite
TRA-1106315,8952140062019614184F,Satelite
TRA-1106315,8952140062019614176F,Satelite
TRA-1106315,8952140062019616015F,Satelite
TRA-1106315,8952140062019615991F,Satelite
TRA-1106315,8952140062019615983F,Satelite
TRA-1106315,8952140062019615975F,Satelite
TRA-1106315,8952140062019614168F,Satelite
TRA-1106315,8952140062019614143F,Satelite
TRA-1106315,8952140062019614127F,Satelite
TRA-1106315,8952140062019614358F,Satelite
TRA-1106315,8952140062019614333F,Satelite
TRA-1106315,8952140062019614366F,Satelite
TRA-1106315,8952140062019614309F,Satelite
TRA-1106315,8952140062019614291F,Satelite
TRA-1106315,8952140062019614283F,Satelite
TRA-1106315,8952140062019614275F,Satelite
TRA-1106315,8952140062019614259F,Satelite
TRA-1106315,8952140062019614069F,Satelite
TRA-1106316,8952140062019610521F,Tezontle
TRA-1106316,8952140062019610539F,Tezontle
TRA-1106316,8952140062019610547F,Tezontle
TRA-1106316,8952140062019610554F,Tezontle
TRA-1106316,8952140062019610612F,Tezontle
TRA-1106316,8952140062019610869F,Tezontle
TRA-1106316,8952140062019610851F,Tezontle
TRA-1106316,8952140062019610844F,Tezontle
TRA-1106316,8952140062019610836F,Tezontle
TRA-1106316,8952140062019610828F,Tezontle
TRA-1106316,8952140062019610810F,Tezontle
TRA-1106316,8952140062019610448F,Tezontle
TRA-1106316,8952140062019610455F,Tezontle
TRA-1106316,8952140062019610463F,Tezontle
TRA-1106316,8952140062019610471F,Tezontle
TRA-1106316,8952140062019610489F,Tezontle
TRA-1106316,8952140062019610497F,Tezontle
TRA-1106316,8952140062019610505F,Tezontle
TRA-1106316,8952140062019610414F,Tezontle
TRA-1106316,8952140062019610687F,Tezontle
TRA-1106316,8952140062019610679F,Tezontle
TRA-1106316,8952140062019610661F,Tezontle
TRA-1106316,8952140062019610653F,Tezontle
TRA-1106316,8952140062019610646F,Tezontle
TRA-1106316,8952140062019610620F,Tezontle
TRA-1106316,8952140062019610596F,Tezontle
TRA-1106316,8952140062019610588F,Tezontle
TRA-1106316,8952140062019610570F,Tezontle
TRA-1106316,8952140062019610562F,Tezontle
TRA-1106316,8952140062019610372F,Tezontle
TRA-1106330,8952140062019609598F,Plaza Uno
TRA-1106330,8952140062019609523F,Plaza Uno
TRA-1106330,8952140062019609580F,Plaza Uno
TRA-1106330,8952140062019609572F,Plaza Uno
TRA-1106330,8952140062019609556F,Plaza Uno
TRA-1106330,8952140062019609515F,Plaza Uno
TRA-1106330,8952140062019609499F,Plaza Uno
TRA-1106330,8952140062019609481F,Plaza Uno
TRA-1106330,8952140062019609465F,Plaza Uno
TRA-1106330,8952140062019609457F,Plaza Uno
TRA-1106330,8952140062019609564F,Plaza Uno
TRA-1106330,8952140062019609440F,Plaza Uno
TRA-1106330,8952140062019609549F,Plaza Uno
TRA-1106330,8952140062019609432F,Plaza Uno
TRA-1106330,8952140062019609424F,Plaza Uno
TRA-1106330,8952140062019609531F,Plaza Uno
TRA-1106330,8952140062019609416F,Plaza Uno
TRA-1106330,8952140062019609408F,Plaza Uno
TRA-1106330,8952140062019609390F,Plaza Uno
TRA-1106330,8952140062019609382F,Plaza Uno
TRA-1106330,8952140062019609606F,Plaza Uno
TRA-1106330,8952140062019609861F,Plaza Uno
TRA-1106330,8952140062019609721F,Plaza Uno
TRA-1106330,8952140062019609705F,Plaza Uno
TRA-1106330,8952140062019609697F,Plaza Uno
TRA-1106330,8952140062019609689F,Plaza Uno
TRA-1106330,8952140062019609671F,Plaza Uno
TRA-1106330,8952140062019609655F,Plaza Uno
TRA-1106330,8952140062019609648F,Plaza Uno
TRA-1106330,8952140062019609663F,Plaza Uno
TRA-1106334,8952140062019615371F,Iguala
TRA-1106334,8952140062019615686F,Iguala
TRA-1106334,8952140062019615769F,Iguala
TRA-1106334,8952140062019615678F,Iguala
TRA-1106334,8952140062019615660F,Iguala
TRA-1106334,8952140062019615652F,Iguala
TRA-1106334,8952140062019615827F,Iguala
TRA-1106334,8952140062019615819F,Iguala
TRA-1106334,8952140062019615801F,Iguala
TRA-1106334,8952140062019615793F,Iguala
TRA-1106334,8952140062019615785F,Iguala
TRA-1106334,8952140062019615736F,Iguala
TRA-1106334,8952140062019615637F,Iguala
TRA-1106334,8952140062019615629F,Iguala
TRA-1106334,8952140062019615611F,Iguala
TRA-1106334,8952140062019615645F,Iguala
TRA-1106334,8952140062019615603F,Iguala
TRA-1106334,8952140062019615595F,Iguala
TRA-1106334,8952140062019611974F,Iguala
TRA-1106334,8952140062019611925F,Iguala
TRA-1106334,8952140062019611933F,Iguala
TRA-1106334,8952140062019611917F,Iguala
TRA-1106334,8952140062019611909F,Iguala
TRA-1106334,8952140062019611875F,Iguala
TRA-1106334,8952140062019612055F,Iguala
TRA-1106334,8952140062019611883F,Iguala
TRA-1106334,8952140062019612287F,Iguala
TRA-1106334,8952140062019612360F,Iguala
TRA-1106334,8952140062019615843F,Iguala
TRA-1106334,8952140062019615835F,Iguala
TRA-1106206,8952140062019612832F,Cuernavaca Centro
TRA-1106206,8952140062019612782F,Cuernavaca Centro
TRA-1106206,8952140062019612774F,Cuernavaca Centro
TRA-1106206,8952140062019612741F,Cuernavaca Centro
TRA-1106206,8952140062019612667F,Cuernavaca Centro
TRA-1106206,8952140062019612824F,Cuernavaca Centro
TRA-1106206,8952140062019612766F,Cuernavaca Centro
TRA-1106206,8952140062019612733F,Cuernavaca Centro
TRA-1106206,8952140062019612725F,Cuernavaca Centro
TRA-1106206,8952140062019612717F,Cuernavaca Centro
TRA-1106206,8952140062019612709F,Cuernavaca Centro
TRA-1106206,8952140062019612691F,Cuernavaca Centro
TRA-1106206,8952140062019612675F,Cuernavaca Centro
TRA-1106206,8952140062019612659F,Cuernavaca Centro
TRA-1106206,8952140062019612642F,Cuernavaca Centro
TRA-1106206,8952140062019612634F,Cuernavaca Centro
TRA-1106206,8952140062019612626F,Cuernavaca Centro
TRA-1106206,8952140062019613111F,Cuernavaca Centro
TRA-1106206,8952140062019612840F,Cuernavaca Centro
TRA-1106206,8952140062019612402F,Cuernavaca Centro
TRA-1106206,8952140062019612394F,Cuernavaca Centro
TRA-1106206,8952140062019612386F,Cuernavaca Centro
TRA-1106206,8952140062019612451F,Cuernavaca Centro
TRA-1106206,8952140062019612444F,Cuernavaca Centro
TRA-1106206,8952140062019612436F,Cuernavaca Centro
TRA-1106206,8952140062019612428F,Cuernavaca Centro
TRA-1106206,8952140062019612568F,Cuernavaca Centro
TRA-1106206,8952140062019612410F,Cuernavaca Centro
TRA-1106206,8952140062019612816F,Cuernavaca Centro
TRA-1106206,8952140062019612808F,Cuernavaca Centro
TRA-1106209,8952140062019612584F,Gran Plaza Merida
TRA-1106209,8952140062019612550F,Gran Plaza Merida
TRA-1106209,8952140062019612535F,Gran Plaza Merida
TRA-1106209,8952140062019612592F,Gran Plaza Merida
TRA-1106209,8952140062019612600F,Gran Plaza Merida
TRA-1106209,8952140062019612618F,Gran Plaza Merida
TRA-1106209,8952140062019612576F,Gran Plaza Merida
TRA-1106209,8952140062019612543F,Gran Plaza Merida
TRA-1106209,8952140062019612527F,Gran Plaza Merida
TRA-1106209,8952140062019612519F,Gran Plaza Merida
TRA-1106209,8952140062019612501F,Gran Plaza Merida
TRA-1106209,8952140062019612493F,Gran Plaza Merida
TRA-1106209,8952140062019612485F,Gran Plaza Merida
TRA-1106209,8952140062019612477F,Gran Plaza Merida
TRA-1106209,8952140062019612469F,Gran Plaza Merida
TRA-1106209,8952140062019612857F,Gran Plaza Merida
TRA-1106209,8952140062019612378F,Gran Plaza Merida
TRA-1106209,8952140062019612865F,Gran Plaza Merida
TRA-1106209,8952140062019612683F,Gran Plaza Merida
TRA-1106209,8952140062019612790F,Gran Plaza Merida
TRA-1106209,8952140062019612758F,Gran Plaza Merida
TRA-1106209,8952140062019613046F,Gran Plaza Merida
TRA-1106209,8952140062019613012F,Gran Plaza Merida
TRA-1106209,8952140062019613004F,Gran Plaza Merida
TRA-1106209,8952140062019612998F,Gran Plaza Merida
TRA-1106209,8952140062019612980F,Gran Plaza Merida
TRA-1106209,8952140062019612972F,Gran Plaza Merida
TRA-1106209,8952140062019612956F,Gran Plaza Merida
TRA-1106209,8952140062019612949F,Gran Plaza Merida
TRA-1106209,8952140062019612931F,Gran Plaza Merida
TRA-1106214,8952140062019614473F,Montejo
TRA-1106214,8952140062019614465F,Montejo
TRA-1106214,8952140062019614390F,Montejo
TRA-1106214,8952140062019614531F,Montejo
TRA-1106214,8952140062019614523F,Montejo
TRA-1106214,8952140062019614515F,Montejo
TRA-1106214,8952140062019614507F,Montejo
TRA-1106214,8952140062019614499F,Montejo
TRA-1106214,8952140062019614481F,Montejo
TRA-1106214,8952140062019614713F,Montejo
TRA-1106214,8952140062019614705F,Montejo
TRA-1106214,8952140062019614697F,Montejo
TRA-1106214,8952140062019614689F,Montejo
TRA-1106214,8952140062019614671F,Montejo
TRA-1106214,8952140062019614663F,Montejo
TRA-1106214,8952140062019614655F,Montejo
TRA-1106214,8952140062019614762F,Montejo
TRA-1106214,8952140062019614648F,Montejo
TRA-1106214,8952140062019614754F,Montejo
TRA-1106214,8952140062019614747F,Montejo
TRA-1106214,8952140062019614739F,Montejo
TRA-1106214,8952140062019614598F,Montejo
TRA-1106214,8952140062019614580F,Montejo
TRA-1106214,8952140062019614572F,Montejo
TRA-1106214,8952140062019614556F,Montejo
TRA-1106214,8952140062019614564F,Montejo
TRA-1106214,8952140062019614861F,Montejo
TRA-1106214,8952140062019614853F,Montejo
TRA-1106214,8952140062019614846F,Montejo
TRA-1106214,8952140062019614838F,Montejo
TRA-1106219,8952140062019612915F,Plaza Sendero
TRA-1106219,8952140062019612907F,Plaza Sendero
TRA-1106219,8952140062019612899F,Plaza Sendero
TRA-1106219,8952140062019612881F,Plaza Sendero
TRA-1106219,8952140062019612873F,Plaza Sendero
TRA-1106219,8952140062019613293F,Plaza Sendero
TRA-1106219,8952140062019613285F,Plaza Sendero
TRA-1106219,8952140062019613277F,Plaza Sendero
TRA-1106219,8952140062019613269F,Plaza Sendero
TRA-1106219,8952140062019613251F,Plaza Sendero
TRA-1106219,8952140062019613244F,Plaza Sendero
TRA-1106219,8952140062019613236F,Plaza Sendero
TRA-1106219,8952140062019613228F,Plaza Sendero
TRA-1106219,8952140062019613210F,Plaza Sendero
TRA-1106219,8952140062019613194F,Plaza Sendero
TRA-1106219,8952140062019613186F,Plaza Sendero
TRA-1106219,8952140062019613178F,Plaza Sendero
TRA-1106219,8952140062019613160F,Plaza Sendero
TRA-1106219,8952140062019613152F,Plaza Sendero
TRA-1106219,8952140062019613145F,Plaza Sendero
TRA-1106219,8952140062019613137F,Plaza Sendero
TRA-1106219,8952140062019613129F,Plaza Sendero
TRA-1106219,8952140062019613103F,Plaza Sendero
TRA-1106219,8952140062019613202F,Plaza Sendero
TRA-1106219,8952140062019613038F,Plaza Sendero
TRA-1106219,8952140062019613020F,Plaza Sendero
TRA-1106219,8952140062019612964F,Plaza Sendero
TRA-1106219,8952140062019613087F,Plaza Sendero
TRA-1106219,8952140062019613095F,Plaza Sendero
TRA-1106219,8952140062019613079F,Plaza Sendero
TRA-1106229,8952140062019614929F,Toluca Centro
TRA-1106229,8952140062019615082F,Toluca Centro
TRA-1106229,8952140062019615074F,Toluca Centro
TRA-1106229,8952140062019615066F,Toluca Centro
TRA-1106229,8952140062019615058F,Toluca Centro
TRA-1106229,8952140062019615041F,Toluca Centro
TRA-1106229,8952140062019615033F,Toluca Centro
TRA-1106229,8952140062019615116F,Toluca Centro
TRA-1106229,8952140062019615108F,Toluca Centro
TRA-1106229,8952140062019615090F,Toluca Centro
TRA-1106229,8952140062019615538F,Toluca Centro
TRA-1106229,8952140062019615520F,Toluca Centro
TRA-1106229,8952140062019615512F,Toluca Centro
TRA-1106229,8952140062019615504F,Toluca Centro
TRA-1106229,8952140062019615496F,Toluca Centro
TRA-1106229,8952140062019615470F,Toluca Centro
TRA-1106229,8952140062019615488F,Toluca Centro
TRA-1106229,8952140062019615462F,Toluca Centro
TRA-1106229,8952140062019615777F,Toluca Centro
TRA-1106229,8952140062019615447F,Toluca Centro
TRA-1106229,8952140062019615439F,Toluca Centro
TRA-1106229,8952140062019615421F,Toluca Centro
TRA-1106229,8952140062019615413F,Toluca Centro
TRA-1106229,8952140062019615405F,Toluca Centro
TRA-1106229,8952140062019615389F,Toluca Centro
TRA-1106229,8952140062019615397F,Toluca Centro
TRA-1106229,8952140062019615561F,Toluca Centro
TRA-1106229,8952140062019615454F,Toluca Centro
TRA-1106229,8952140062019615546F,Toluca Centro
TRA-1106229,8952140062019615579F,Toluca Centro
TRA-1106342,8952140062019595755F,Plaza Espinal
TRA-1106342,8952140062019595821F,Plaza Espinal
TRA-1106342,8952140062019595599F,Plaza Espinal
TRA-1106342,8952140062019595672F,Plaza Espinal
TRA-1106342,8952140062019595664F,Plaza Espinal
TRA-1106342,8952140062019595813F,Plaza Espinal
TRA-1106342,8952140062019595797F,Plaza Espinal
TRA-1106342,8952140062019595805F,Plaza Espinal
TRA-1106342,8952140062019595623F,Plaza Espinal
TRA-1106342,8952140062019595789F,Plaza Espinal
TRA-1106342,8952140062019595763F,Plaza Espinal
TRA-1106342,8952140062019595615F,Plaza Espinal
TRA-1106342,8952140062019595771F,Plaza Espinal
TRA-1106342,8952140062019595607F,Plaza Espinal
TRA-1106342,8952140062019595714F,Plaza Espinal
TRA-1106342,8952140062019595706F,Plaza Espinal
TRA-1106342,8952140062019595698F,Plaza Espinal
TRA-1106342,8952140062019595383F,Plaza Espinal
TRA-1106342,8952140062019595581F,Plaza Espinal
TRA-1106342,8952140062019595573F,Plaza Espinal
TRA-1106342,8952140062019595565F,Plaza Espinal
TRA-1106342,8952140062019595557F,Plaza Espinal
TRA-1106342,8952140062019595540F,Plaza Espinal
TRA-1106342,8952140062019595524F,Plaza Espinal
TRA-1106342,8952140062019595516F,Plaza Espinal
TRA-1106342,8952140062019595508F,Plaza Espinal
TRA-1106342,8952140062019595490F,Plaza Espinal
TRA-1106342,8952140062019595482F,Plaza Espinal
TRA-1106342,8952140062019595474F,Plaza Espinal
TRA-1106342,8952140062019595649F,Plaza Espinal
TRA-1106346,8952140062019637581F,Coatzintla
TRA-1106346,8952140062019637698F,Coatzintla
TRA-1106346,8952140062019637706F,Coatzintla
TRA-1106346,8952140062019637615F,Coatzintla
TRA-1106346,8952140062019637714F,Coatzintla
TRA-1106346,8952140062019637607F,Coatzintla
TRA-1106346,8952140062019637797F,Coatzintla
TRA-1106346,8952140062019637813F,Coatzintla
TRA-1106346,8952140062019637821F,Coatzintla
TRA-1106346,8952140062019637847F,Coatzintla
TRA-1106346,8952140062019637839F,Coatzintla
TRA-1106346,8952140062019637680F,Coatzintla
TRA-1106346,8952140062019637649F,Coatzintla
TRA-1106346,8952140062019637656F,Coatzintla
TRA-1106346,8952140062019637664F,Coatzintla
TRA-1106346,8952140062019637672F,Coatzintla
TRA-1106346,8952140062019637599F,Coatzintla
TRA-1106346,8952140062019637722F,Coatzintla
TRA-1106346,8952140062019637862F,Coatzintla
TRA-1106346,8952140062019637573F,Coatzintla
TRA-1106368,8952140062019591531F,Fortin
TRA-1106368,8952140062019591523F,Fortin
TRA-1106368,8952140062019591515F,Fortin
TRA-1106368,8952140062019591507F,Fortin
TRA-1106368,8952140062019591499F,Fortin
TRA-1106368,8952140062019591481F,Fortin
TRA-1106368,8952140062019591473F,Fortin
TRA-1106368,8952140062019591465F,Fortin
TRA-1106368,8952140062019591457F,Fortin
TRA-1106368,8952140062019591648F,Fortin
TRA-1106368,8952140062019591861F,Fortin
TRA-1106368,8952140062019591846F,Fortin
TRA-1106368,8952140062019591853F,Fortin
TRA-1106368,8952140062019591838F,Fortin
TRA-1106368,8952140062019591820F,Fortin
TRA-1106368,8952140062019591812F,Fortin
TRA-1106368,8952140062019591804F,Fortin
TRA-1106368,8952140062019591796F,Fortin
TRA-1106368,8952140062019591788F,Fortin
TRA-1106368,8952140062019591770F,Fortin
TRA-1106368,8952140062019591762F,Fortin
TRA-1106368,8952140062019591754F,Fortin
TRA-1106368,8952140062019591747F,Fortin
TRA-1106368,8952140062019591739F,Fortin
TRA-1106368,8952140062019591721F,Fortin
TRA-1106368,8952140062019591713F,Fortin
TRA-1106368,8952140062019591705F,Fortin
TRA-1106368,8952140062019591697F,Fortin
TRA-1106368,8952140062019591689F,Fortin
TRA-1106368,8952140062019591671F,Fortin
TRA-1106370,8952140062019592364F,Matriz Orizaba
TRA-1106370,8952140062019592356F,Matriz Orizaba
TRA-1106370,8952140062019592117F,Matriz Orizaba
TRA-1106370,8952140062019591978F,Matriz Orizaba
TRA-1106370,8952140062019591960F,Matriz Orizaba
TRA-1106370,8952140062019592265F,Matriz Orizaba
TRA-1106370,8952140062019591952F,Matriz Orizaba
TRA-1106370,8952140062019591945F,Matriz Orizaba
TRA-1106370,8952140062019591937F,Matriz Orizaba
TRA-1106370,8952140062019591929F,Matriz Orizaba
TRA-1106370,8952140062019591911F,Matriz Orizaba
TRA-1106370,8952140062019591903F,Matriz Orizaba
TRA-1106370,8952140062019591895F,Matriz Orizaba
TRA-1106370,8952140062019591887F,Matriz Orizaba
TRA-1106370,8952140062019592349F,Matriz Orizaba
TRA-1106370,8952140062019591416F,Matriz Orizaba
TRA-1106370,8952140062019591382F,Matriz Orizaba
TRA-1106370,8952140062019591374F,Matriz Orizaba
TRA-1106370,8952140062019591663F,Matriz Orizaba
TRA-1106370,8952140062019591655F,Matriz Orizaba
TRA-1106370,8952140062019591440F,Matriz Orizaba
TRA-1106370,8952140062019591432F,Matriz Orizaba
TRA-1106370,8952140062019591424F,Matriz Orizaba
TRA-1106370,8952140062019591408F,Matriz Orizaba
TRA-1106370,8952140062019591390F,Matriz Orizaba
TRA-1106370,8952140062019591630F,Matriz Orizaba
TRA-1106370,8952140062019591622F,Matriz Orizaba
TRA-1106370,8952140062019591614F,Matriz Orizaba
TRA-1106370,8952140062019592166F,Matriz Orizaba
TRA-1106370,8952140062019592158F,Matriz Orizaba
TRA-1106383,8952140062019595359F,Cosoleacaque
TRA-1106383,8952140062019595326F,Cosoleacaque
TRA-1106383,8952140062019595367F,Cosoleacaque
TRA-1106383,8952140062019595334F,Cosoleacaque
TRA-1106383,8952140062019595342F,Cosoleacaque
TRA-1106383,8952140062019595250F,Cosoleacaque
TRA-1106383,8952140062019595243F,Cosoleacaque
TRA-1106383,8952140062019595235F,Cosoleacaque
TRA-1106383,8952140062019595227F,Cosoleacaque
TRA-1106383,8952140062019595201F,Cosoleacaque
TRA-1106383,8952140062019595193F,Cosoleacaque
TRA-1106383,8952140062019595185F,Cosoleacaque
TRA-1106383,8952140062019595177F,Cosoleacaque
TRA-1106383,8952140062019595169F,Cosoleacaque
TRA-1106383,8952140062019595151F,Cosoleacaque
TRA-1106383,8952140062019595128F,Cosoleacaque
TRA-1106383,8952140062019595219F,Cosoleacaque
TRA-1106383,8952140062019595318F,Cosoleacaque
TRA-1106383,8952140062019595136F,Cosoleacaque
TRA-1106383,8952140062019595144F,Cosoleacaque
TRA-1106383,8952140062019595268F,Cosoleacaque
TRA-1106383,8952140062019595276F,Cosoleacaque
TRA-1106383,8952140062019595284F,Cosoleacaque
TRA-1106383,8952140062019591606F,Cosoleacaque
TRA-1106383,8952140062019591598F,Cosoleacaque
TRA-1106383,8952140062019591564F,Cosoleacaque
TRA-1106383,8952140062019591580F,Cosoleacaque
TRA-1106383,8952140062019591572F,Cosoleacaque
TRA-1106383,8952140062019591556F,Cosoleacaque
TRA-1106383,8952140062019591549F,Cosoleacaque
TRA-1106395,8952140062019592828F,Las Americas QRO
TRA-1106395,8952140062019592810F,Las Americas QRO
TRA-1106395,8952140062019592802F,Las Americas QRO
TRA-1106395,8952140062019592794F,Las Americas QRO
TRA-1106395,8952140062019592695F,Las Americas QRO
TRA-1106395,8952140062019592778F,Las Americas QRO
TRA-1106395,8952140062019592786F,Las Americas QRO
TRA-1106395,8952140062019592737F,Las Americas QRO
TRA-1106395,8952140062019592760F,Las Americas QRO
TRA-1106395,8952140062019592745F,Las Americas QRO
TRA-1106395,8952140062019592521F,Las Americas QRO
TRA-1106395,8952140062019592638F,Las Americas QRO
TRA-1106395,8952140062019592620F,Las Americas QRO
TRA-1106395,8952140062019592612F,Las Americas QRO
TRA-1106395,8952140062019592604F,Las Americas QRO
TRA-1106395,8952140062019592596F,Las Americas QRO
TRA-1106395,8952140062019592562F,Las Americas QRO
TRA-1106395,8952140062019592554F,Las Americas QRO
TRA-1106395,8952140062019592711F,Las Americas QRO
TRA-1106395,8952140062019592703F,Las Americas QRO
TRA-1106395,8952140062019592687F,Las Americas QRO
TRA-1106395,8952140062019592729F,Las Americas QRO
TRA-1106395,8952140062019592588F,Las Americas QRO
TRA-1106395,8952140062019592570F,Las Americas QRO
TRA-1106395,8952140062019592661F,Las Americas QRO
TRA-1106395,8952140062019592547F,Las Americas QRO
TRA-1106395,8952140062019592679F,Las Americas QRO
TRA-1106395,8952140062019592422F,Las Americas QRO
TRA-1106395,8952140062019592646F,Las Americas QRO
TRA-1106395,8952140062019592851F,Las Americas QRO
TRA-1106396,8952140062019637300F,Up Town Juriquilla
TRA-1106396,8952140062019637086F,Up Town Juriquilla
TRA-1106396,8952140062019636971F,Up Town Juriquilla
TRA-1106396,8952140062019636963F,Up Town Juriquilla
TRA-1106396,8952140062019636955F,Up Town Juriquilla
TRA-1106396,8952140062019636948F,Up Town Juriquilla
TRA-1106396,8952140062019636922F,Up Town Juriquilla
TRA-1106396,8952140062019636914F,Up Town Juriquilla
TRA-1106396,8952140062019636906F,Up Town Juriquilla
TRA-1106396,8952140062019636898F,Up Town Juriquilla
TRA-1106396,8952140062019636880F,Up Town Juriquilla
TRA-1106396,8952140062019636872F,Up Town Juriquilla
TRA-1106396,8952140062019636930F,Up Town Juriquilla
TRA-1106396,8952140062019637102F,Up Town Juriquilla
TRA-1106396,8952140062019637078F,Up Town Juriquilla
TRA-1106396,8952140062019637060F,Up Town Juriquilla
TRA-1106396,8952140062019637052F,Up Town Juriquilla
TRA-1106396,8952140062019637045F,Up Town Juriquilla
TRA-1106396,8952140062019637037F,Up Town Juriquilla
TRA-1106396,8952140062019637029F,Up Town Juriquilla
TRA-1106396,8952140062019592372F,Up Town Juriquilla
TRA-1106396,8952140062019592505F,Up Town Juriquilla
TRA-1106396,8952140062019592489F,Up Town Juriquilla
TRA-1106396,8952140062019592471F,Up Town Juriquilla
TRA-1106396,8952140062019592653F,Up Town Juriquilla
TRA-1106396,8952140062019592869F,Up Town Juriquilla
TRA-1106396,8952140062019592414F,Up Town Juriquilla
TRA-1106396,8952140062019592406F,Up Town Juriquilla
TRA-1106396,8952140062019592539F,Up Town Juriquilla
TRA-1106396,8952140062019592752F,Up Town Juriquilla
TRA-1106324,8952140061777797652F,El Parian
TRA-1106324,8952140061777798031F,El Parian
TRA-1106324,8952140061777798023F,El Parian
TRA-1106324,8952140061777798015F,El Parian
TRA-1106324,8952140061777798189F,El Parian
TRA-1106324,8952140061777798221F,El Parian
TRA-1106324,8952140061777798213F,El Parian
TRA-1106324,8952140061777785491F,El Parian
TRA-1106324,8952140061777785517F,El Parian
TRA-1106324,8952140061777768307F,El Parian
TRA-1106324,8952140061777768372F,El Parian
TRA-1106324,8952140061777785855F,El Parian
TRA-1106324,8952140061771638340F,El Parian
TRA-1106324,8952140061771638126F,El Parian
TRA-1106324,8952140061771638324F,El Parian
TRA-1106324,8952140061771638365F,El Parian
TRA-1106324,8952140061777798205F,El Parian
TRA-1106324,8952140061777798197F,El Parian
TRA-1106324,8952140061777797611F,El Parian
TRA-1106324,8952140061777810950F,El Parian
TRA-1106324,8952140061777797801F,El Parian
TRA-1106324,8952140061777797793F,El Parian
TRA-1106324,8952140061777797876F,El Parian
TRA-1106324,8952140061777796647F,El Parian
TRA-1106324,8952140061777797538F,El Parian
TRA-1106324,8952140061777797710F,El Parian
TRA-1106324,8952140061777797736F,El Parian
TRA-1106324,8952140061777797744F,El Parian
TRA-1106324,8952140061777767895F,El Parian
TRA-1106324,8952140061777768109F,El Parian
TRA-1106367,8952140061997389124F,Cadereyta
TRA-1106367,8952140061997389090F,Cadereyta
TRA-1106367,8952140061997389082F,Cadereyta
TRA-1106367,8952140061997389074F,Cadereyta
TRA-1106367,8952140061997389066F,Cadereyta
TRA-1106367,8952140061997389041F,Cadereyta
TRA-1106367,8952140061997389033F,Cadereyta
TRA-1106367,8952140061997389025F,Cadereyta
TRA-1106367,8952140061997389017F,Cadereyta
TRA-1106367,8952140061997388993F,Cadereyta
TRA-1106367,8952140061997388985F,Cadereyta
TRA-1106367,8952140061997388969F,Cadereyta
TRA-1106367,8952140061997388977F,Cadereyta
TRA-1106367,8952140061997388936F,Cadereyta
TRA-1106367,8952140061997388886F,Cadereyta
TRA-1106367,8952140061997388670F,Cadereyta
TRA-1106367,8952140061997389009F,Cadereyta
TRA-1106367,8952140061997388951F,Cadereyta
TRA-1106367,8952140061997388944F,Cadereyta
TRA-1106367,8952140061997388860F,Cadereyta
TRA-1106367,8952140061997388928F,Cadereyta
TRA-1106367,8952140061997388852F,Cadereyta
TRA-1106367,8952140061997388910F,Cadereyta
TRA-1106367,8952140061997388902F,Cadereyta
TRA-1106367,8952140061997388894F,Cadereyta
TRA-1106367,8952140061997388878F,Cadereyta
TRA-1106367,8952140061997388845F,Cadereyta
TRA-1106367,8952140061997388837F,Cadereyta
TRA-1106367,8952140061997388829F,Cadereyta
TRA-1106367,8952140061997388803F,Cadereyta
TRA-1106369,8952140061997389447F,Garcia Salinas
TRA-1106369,8952140061997389496F,Garcia Salinas
TRA-1106369,8952140061997389611F,Garcia Salinas
TRA-1106369,8952140061997389488F,Garcia Salinas
TRA-1106369,8952140061997389470F,Garcia Salinas
TRA-1106369,8952140061997389454F,Garcia Salinas
TRA-1106369,8952140061997389439F,Garcia Salinas
TRA-1106369,8952140061997389421F,Garcia Salinas
TRA-1106369,8952140061997389413F,Garcia Salinas
TRA-1106369,8952140061997389371F,Garcia Salinas
TRA-1106369,8952140061997389645F,Garcia Salinas
TRA-1106369,8952140061997389637F,Garcia Salinas
TRA-1106369,8952140061997389629F,Garcia Salinas
TRA-1106369,8952140061997389389F,Garcia Salinas
TRA-1106369,8952140061997389397F,Garcia Salinas
TRA-1106369,8952140061997389652F,Garcia Salinas
TRA-1106369,8952140061997388795F,Garcia Salinas
TRA-1106369,8952140061997388811F,Garcia Salinas
TRA-1106369,8952140061997388787F,Garcia Salinas
TRA-1106369,8952140061997388779F,Garcia Salinas
TRA-1106369,8952140061997389140F,Garcia Salinas
TRA-1106369,8952140061997388761F,Garcia Salinas
TRA-1106369,8952140061997388753F,Garcia Salinas
TRA-1106369,8952140061997388746F,Garcia Salinas
TRA-1106369,8952140061997388738F,Garcia Salinas
TRA-1106369,8952140061997388720F,Garcia Salinas
TRA-1106369,8952140061997388712F,Garcia Salinas
TRA-1106369,8952140061997388704F,Garcia Salinas
TRA-1106369,8952140061997388696F,Garcia Salinas
TRA-1106369,8952140061997389157F,Garcia Salinas
TRA-1106377,8952140061997380057F,Tampico Aeropuerto
TRA-1106377,8952140061997379968F,Tampico Aeropuerto
TRA-1106377,8952140061997379943F,Tampico Aeropuerto
TRA-1106377,8952140061997379935F,Tampico Aeropuerto
TRA-1106377,8952140061997379927F,Tampico Aeropuerto
TRA-1106377,8952140061997379919F,Tampico Aeropuerto
TRA-1106377,8952140061997379901F,Tampico Aeropuerto
TRA-1106377,8952140061997379893F,Tampico Aeropuerto
TRA-1106377,8952140061997379885F,Tampico Aeropuerto
TRA-1106377,8952140061997379877F,Tampico Aeropuerto
TRA-1106377,8952140061997379869F,Tampico Aeropuerto
TRA-1106377,8952140061997379851F,Tampico Aeropuerto
TRA-1106377,8952140061997379836F,Tampico Aeropuerto
TRA-1106377,8952140061997379828F,Tampico Aeropuerto
TRA-1106377,8952140061997379810F,Tampico Aeropuerto
TRA-1106377,8952140061997380107F,Tampico Aeropuerto
TRA-1106377,8952140061997380065F,Tampico Aeropuerto
TRA-1106377,8952140061997379802F,Tampico Aeropuerto
TRA-1106377,8952140061997379786F,Tampico Aeropuerto
TRA-1106377,8952140061997379778F,Tampico Aeropuerto
TRA-1106548,8952140061997381220F,Nogalera
TRA-1106548,8952140061997381204F,Nogalera
TRA-1106548,8952140061997381279F,Nogalera
TRA-1106548,8952140061997381261F,Nogalera
TRA-1106548,8952140061997381634F,Nogalera
TRA-1106548,8952140061997381618F,Nogalera
TRA-1106548,8952140061997381212F,Nogalera
TRA-1106548,8952140061997381659F,Nogalera
TRA-1106548,8952140061997381642F,Nogalera
TRA-1106548,8952140061997381626F,Nogalera
TRA-1106548,8952140061997381345F,Nogalera
TRA-1106548,8952140061997381337F,Nogalera
TRA-1106548,8952140061997381311F,Nogalera
TRA-1106548,8952140061997381329F,Nogalera
TRA-1106548,8952140061997381303F,Nogalera
TRA-1106548,8952140061997381295F,Nogalera
TRA-1106548,8952140061997381246F,Nogalera
TRA-1106548,8952140061997381238F,Nogalera
TRA-1106548,8952140061997381196F,Nogalera
TRA-1106548,8952140061997381287F,Nogalera
TRA-1106548,8952140061997381188F,Nogalera
TRA-1106548,8952140061997381253F,Nogalera
TRA-1106548,8952140061997381170F,Nogalera
TRA-1106548,8952140061997381162F,Nogalera
TRA-1106548,8952140061997381600F,Nogalera
